fecha,benchmark,precio_usd_gal
2026-01-02,Diésel USGC,1.999
2026-01-09,Diésel USGC,1.991
2026-01-16,Diésel USGC,2.085
2026-01-23,Diésel USGC,2.176
2026-01-30,Diésel USGC,2.234
2026-02-06,Diésel USGC,2.127
2026-02-13,Diésel USGC,2.152
2026-02-20,Diésel USGC,2.386
2026-02-27,Diésel USGC,2.56
2026-03-06,Diésel USGC,3.26
2026-03-13,Diésel USGC,3.539
2026-03-20,Diésel USGC,4.09
2026-03-27,Diésel USGC,4.213
2026-04-03,Diésel USGC,4.331
2026-04-10,Diésel USGC,4.038
2026-04-17,Diésel USGC,3.61
2026-04-24,Diésel USGC,3.839
2026-05-01,Diésel USGC,4.039
2026-05-08,Diésel USGC,3.904
2026-05-15,Diésel USGC,3.96
2026-05-22,Diésel USGC,3.927
2026-05-29,Diésel USGC,3.586
2026-06-05,Diésel USGC,3.649
2026-06-12,Diésel USGC,3.459
2026-06-19,Diésel USGC,3.13
2026-06-26,Diésel USGC,3.171
2026-07-03,Diésel USGC,3.256
2026-07-10,Diésel USGC,3.439
2026-07-17,Diésel USGC,3.931
2026-07-24,Diésel USGC,4.186
2026-07-31,Diésel USGC,4.199
2026-08-07,Diésel USGC,3.814
2026-08-14,Diésel USGC,4.22
2026-08-21,Diésel USGC,4.468
2026-08-28,Diésel USGC,4.274
2026-09-04,Diésel USGC,4.612
2026-09-11,Diésel USGC,4.882
2026-09-18,Diésel USGC,5.128
2026-01-02,Gasolina USGC,1.809
2026-01-09,Gasolina USGC,1.966
2026-01-16,Gasolina USGC,2.042
2026-01-23,Gasolina USGC,2.086
2026-01-30,Gasolina USGC,2.132
2026-02-06,Gasolina USGC,2.149
2026-02-13,Gasolina USGC,2.12
2026-02-20,Gasolina USGC,1.767
2026-02-27,Gasolina USGC,1.819
2026-03-06,Gasolina USGC,2.401
2026-03-13,Gasolina USGC,2.702
2026-03-20,Gasolina USGC,3.133
2026-03-27,Gasolina USGC,3.043
2026-04-03,Gasolina USGC,3.278
2026-04-10,Gasolina USGC,3.07
2026-04-17,Gasolina USGC,3.014
2026-04-24,Gasolina USGC,3.316
2026-05-01,Gasolina USGC,3.65
2026-05-08,Gasolina USGC,3.542
2026-05-15,Gasolina USGC,3.637
2026-05-22,Gasolina USGC,3.549
2026-05-29,Gasolina USGC,3.148
2026-06-05,Gasolina USGC,3.067
2026-06-12,Gasolina USGC,3.049
2026-06-19,Gasolina USGC,2.933
2026-06-26,Gasolina USGC,2.966
2026-07-03,Gasolina USGC,3.038
2026-07-10,Gasolina USGC,3.038
2026-07-17,Gasolina USGC,3.266
2026-07-24,Gasolina USGC,3.49
2026-07-31,Gasolina USGC,3.417
2026-08-07,Gasolina USGC,2.992
2026-08-14,Gasolina USGC,3.193
2026-08-21,Gasolina USGC,3.436
2026-08-28,Gasolina USGC,3.564
2026-09-04,Gasolina USGC,3.494
2026-09-11,Gasolina USGC,3.629
2026-09-18,Gasolina USGC,3.888
